,precision,recall,f1-score,support
glioma,0.8431372549019608,0.8486842105263158,0.8459016393442623,152.0
healthy,0.9665071770334929,0.9853658536585366,0.9758454106280193,205.0
meningioma,0.8081395348837209,0.8580246913580247,0.8323353293413174,162.0
pituitary,0.9467455621301775,0.8695652173913043,0.9065155807365439,184.0
accuracy,0.8961593172119487,0.8961593172119487,0.8961593172119487,0.8961593172119487
macro avg,0.891132382237338,0.8904099932335453,0.8901494900125357,703.0
weighted avg,0.898165892062702,0.8961593172119487,0.8965327860140673,703.0
